date,census,juki,foreign_juki,note
2000-10-01,420804,,,国勢H12新市域 / 住基H12.9末は旧富山市のみ322676 比較不可
2005-10-01,421239,418563,,国勢H17 / 住基H17.9末 新富山市 日本人のみ（改正前）
2010-10-01,421953,417714,0,国勢H22含外国人 / 住基H22.9末 日本人のみ（H24.7改正前）差-4239は外国人分と整合
2015-10-01,418686,418957,5270,国勢H27 / 住基H27.9末 gaikoku1509.xlsx 外国人5270 日本人住基413687
2017-09-30,,417922,,住基H29.9末 jinko2309.xlsx
2018-09-30,,417625,,住基H30.9末 jinko2309.xlsx
2019-09-30,,416175,,住基R元.9末 jinko2309.xlsx
2020-10-01,413938,414354,7393,国勢R2 / 住基R2.9末 gaikoku2009.xlsx 外国人7393 日本人住基406961
2021-09-30,,411956,,住基R3.9末 jinko2309.xlsx
2022-09-30,,409580,,住基R4.9末 jinko.xlsx/jinko2309.xlsx
2023-09-30,,407058,,住基R5.9末 jinko2309.xlsx
2024-09-30,,404401,,住基R6.9末 town2409.xlsx
2025-10-01速報,402133,402015,,国勢R7速報（男197015・女205118）水増し疑いで確定値に修正 / 住基R7.9末
2025-10-01確定,399197,402015,,国勢R7確定399197（男195482・女203715）速報402133から2936人下方修正 / 住基R7.9末402015 town2509.xlsx 差2818
2025-08-31,,399759,,富山市TOP R8.8末 要原典確認
