label,diff,rate_pct,census,juki,census_key,level,flag,oaza_census_sum,oaza_juki_sum,oaza_diff,note
藤ノ木 藤木,-620,-15.1,4105,3485,藤木|,2,clean,4105,3485,-620,oaza全体で不一致 / 実差の可能性（施設・新築・時期差）も要確認
水橋西部 水橋辻ヶ堂,-570,-75.3,757,187,水橋辻ヶ堂|,2,clean,757,187,-570,oaza全体で不一致 / 実差の可能性（施設・新築・時期差）も要確認
古里 婦中町新町,-524,-66.0,794,270,婦中町新町|,2,clean,794,270,-524,oaza全体で不一致 / 実差の可能性（施設・新築・時期差）も要確認
藤ノ木 大島二丁目,491,46.8,1050,1541,大島|二丁目,4,clean,1380,1785,405,国勢の親大字が未対応（住基側が細分） / oaza全体で不一致 / 実差の可能性（施設・新築・時期差）も要確認
五福 五福９区,-467,-37.0,1263,796,五福|九区,4,clean,7219,4795,-2424,国勢の親大字が未対応（住基側が細分） / oaza全体で不一致 / 実差の可能性（施設・新築・時期差）も要確認
鵜坂 婦中町田島,-431,-18.2,2372,1941,婦中町田島|,2,clean,2372,1941,-431,oaza全体で不一致 / 実差の可能性（施設・新築・時期差）も要確認
古沢 古沢,-397,-39.7,1000,603,古沢|,2,clean,1000,603,-397,oaza全体で不一致 / 実差の可能性（施設・新築・時期差）も要確認
山室中部 流杉,-387,-45.4,853,466,流杉|,2,clean,853,466,-387,oaza全体で不一致 / 実差の可能性（施設・新築・時期差）も要確認
光陽 太郎丸西町一丁目,-373,-49.4,755,382,太郎丸西町|一丁目,4,clean,830,456,-374,国勢の親大字が未対応（住基側が細分） / oaza全体で不一致 / 実差の可能性（施設・新築・時期差）も要確認
鵜坂 婦中町上田島,357,118.6,301,658,婦中町上田島|,2,clean,301,658,357,oaza全体で不一致 / 実差の可能性（施設・新築・時期差）も要確認
五福 五福２区,-352,-46.5,757,405,五福|二区,4,clean,7219,4795,-2424,国勢の親大字が未対応（住基側が細分） / oaza全体で不一致 / 実差の可能性（施設・新築・時期差）も要確認
新保 西荒屋,-336,-18.6,1810,1474,西荒屋|,2,clean,1810,1474,-336,oaza全体で不一致 / 実差の可能性（施設・新築・時期差）も要確認
大広田 海岸通,322,59.6,540,862,海岸通|,2,clean,540,862,322,oaza全体で不一致 / 実差の可能性（施設・新築・時期差）も要確認
五福 五福４区,-288,-28.9,995,707,五福|四区,4,clean,7219,4795,-2424,国勢の親大字が未対応（住基側が細分） / oaza全体で不一致 / 実差の可能性（施設・新築・時期差）も要確認
呉羽 呉羽本町,-283,-22.6,1250,967,呉羽本町|,2,clean,1250,967,-283,oaza全体で不一致 / 実差の可能性（施設・新築・時期差）も要確認
堀川 今泉,-281,-20.2,1394,1113,今泉|,2,clean,1394,1113,-281,oaza全体で不一致 / 実差の可能性（施設・新築・時期差）も要確認
五福 五福１０区,-265,-37.0,716,451,五福|一〇区,4,clean,7219,4795,-2424,国勢の親大字が未対応（住基側が細分） / oaza全体で不一致 / 実差の可能性（施設・新築・時期差）も要確認
古沢 杉谷,-258,-32.4,796,538,杉谷|,2,clean,796,538,-258,oaza全体で不一致 / 実差の可能性（施設・新築・時期差）も要確認
豊田 水落,-255,-45.4,562,307,水落|,2,clean,562,307,-255,oaza全体で不一致 / 実差の可能性（施設・新築・時期差）も要確認
呉羽 呉羽姫本,246,189.2,130,376,呉羽姫本|,2,clean,130,376,246,oaza全体で不一致 / 実差の可能性（施設・新築・時期差）も要確認
五福 寺町６区,-240,-38.3,626,386,寺町|六区,4,clean,1853,1220,-633,国勢の親大字が未対応（住基側が細分） / oaza全体で不一致 / 実差の可能性（施設・新築・時期差）も要確認
新庄 新庄町第４,-226,-25.0,903,677,新庄町|第四,4,clean,3162,2899,-263,国勢の親大字が未対応（住基側が細分） / oaza全体で不一致 / 実差の可能性（施設・新築・時期差）も要確認
五福 五福５区,-225,-42.2,533,308,五福|五区,4,clean,7219,4795,-2424,国勢の親大字が未対応（住基側が細分） / oaza全体で不一致 / 実差の可能性（施設・新築・時期差）も要確認
長岡 北代４区,-217,-33.9,641,424,北代|四区,4,clean,2899,2791,-108,国勢の親大字が未対応（住基側が細分） / oaza全体で不一致 / 実差の可能性（施設・新築・時期差）も要確認
呉羽 高木,-200,-12.5,1596,1396,高木|,2,clean,1596,1396,-200,oaza全体で不一致 / 実差の可能性（施設・新築・時期差）も要確認
